{
  "accuracy": 0.7405405405405405,
  "precision": 0.5955056179775281,
  "recall": 0.8153846153846154,
  "f1_score": 0.6883116883116883,
  "roc_auc": 0.8142307692307693,
  "confusion_matrix": [
    [
      84,
      36
    ],
    [
      12,
      53
    ]
  ]
}