{
  "accuracy": 0.7405405405405405,
  "precision": 0.5955056179775281,
  "recall": 0.8153846153846154,
  "f1": 0.6883116883116883,
  "roc_auc": 0.814871794871795,
  "confusion_matrix": [
    [
      84,
      36
    ],
    [
      12,
      53
    ]
  ],
  "classification_report": {
    "0.0": {
      "precision": 0.875,
      "recall": 0.7,
      "f1-score": 0.7777777777777778,
      "support": 120.0
    },
    "1.0": {
      "precision": 0.5955056179775281,
      "recall": 0.8153846153846154,
      "f1-score": 0.6883116883116883,
      "support": 65.0
    },
    "accuracy": 0.7405405405405405,
    "macro avg": {
      "precision": 0.735252808988764,
      "recall": 0.7576923076923077,
      "f1-score": 0.733044733044733,
      "support": 185.0
    },
    "weighted avg": {
      "precision": 0.7767992711812938,
      "recall": 0.7405405405405405,
      "f1-score": 0.7463437463437462,
      "support": 185.0
    }
  }
}