{
  "accuracy": 0.7297297297297297,
  "precision": 0.5882352941176471,
  "recall": 0.7692307692307693,
  "f1_score": 0.6666666666666666,
  "roc_auc": 0.806923076923077,
  "confusion_matrix": [
    [
      85,
      35
    ],
    [
      15,
      50
    ]
  ]
}